,Supplier_Lead_Time,Inventory_Levels,Order_Frequency,Delivery_Performance,Cost_Per_Unit
Supplier_Lead_Time,1.0,-0.3422960665626547,0.06354205149592096,-0.09684312706368807,-0.12077327538863665
Inventory_Levels,-0.3422960665626547,1.0,0.041898262077999224,0.06527132823458993,0.11510086357812717
Order_Frequency,0.06354205149592096,0.041898262077999224,1.0,0.008816134224349152,-0.028835936529188387
Delivery_Performance,-0.09684312706368807,0.06527132823458993,0.008816134224349152,1.0,-0.11463243127395287
Cost_Per_Unit,-0.12077327538863665,0.11510086357812717,-0.028835936529188387,-0.11463243127395287,1.0
